{
  "displayName": "digital-global-message-module",
  "widgetId": "digital-global-message-module",
  "widgetCategory": "Digital Experience",
  "widgetDomain": "Application",
  "widgetSalesChannel": "Base",
  "widgetDescription": "Generic Message Module to Handle Application Errors, Network Etc.",
  "topicName": "",
  "behaviorParams": [
    {
      "groupId": "",
      "itemId": "",
      "displayName": "",
      "type": "boolean",
      "description":"",
      "defaultValue": true
    }
  ],
  "outcomes": [
    {
      "displayName": "",
      "actionId": "dummy_action_id",
      "actionType": "navigate",
      "defaultValue": "",
      "description": ""
    }
  ],
  "content": [
    {
      "groupId": "",
      "displayName": "",
      "itemId": "",
      "description": "",
      "defaultValue": ""
    }
  ],
  "groups": [
    {
      "groupId": "groupId",
      "displayName": "display name"
    }
  ],
  "initializationParams": [],
  "stateParams": [
    {
      "itemId": "",
      "displayName": "",
      "type": "boolean",
      "description": "",
      "defaultValue": ""
    }
  ]
}